{"cameraMode":{"drawMode":0,"name":"Shaded","section":"Shading Mode"},"sceneLighting":false,"audioPlay":false,"sceneViewState":{"m_AlwaysRefresh":false,"showFog":true,"showSkybox":false,"showFlares":true,"showImageEffects":true,"showParticleSystems":true,"showVisualEffectGraphs":true,"m_FxEnabled":true},"in2DMode":false,"pivot":{"x":-0.14197295904159547,"y":0.8433351516723633,"z":-0.06647753715515137},"rotation":{"x":-0.014405095018446446,"y":-0.9465290904045105,"z":0.31978416442871096,"w":-0.04256909713149071},"size":1.4699316024780274,"orthographic":false}