{"cameraMode":{"drawMode":0,"name":"Shaded","section":"Shading Mode"},"sceneLighting":false,"audioPlay":false,"sceneViewState":{"m_AlwaysRefresh":false,"showFog":true,"showSkybox":false,"showFlares":true,"showImageEffects":true,"showParticleSystems":true,"showVisualEffectGraphs":true,"m_FxEnabled":true},"in2DMode":false,"pivot":{"x":-19.511104583740236,"y":-6.318700790405273,"z":3.8338356018066408},"rotation":{"x":0.16126565635204316,"y":-0.7499117255210877,"z":0.19811852276325227,"w":0.6102755665779114},"size":14.384169578552246,"orthographic":false}