{"cameraMode":{"drawMode":0,"name":"Shaded","section":"Shading Mode"},"sceneLighting":false,"audioPlay":false,"sceneViewState":{"m_AlwaysRefresh":false,"showFog":true,"showSkybox":false,"showFlares":true,"showImageEffects":true,"showParticleSystems":true,"showVisualEffectGraphs":true,"m_FxEnabled":true},"in2DMode":false,"pivot":{"x":-0.14197295904159547,"y":0.868961751461029,"z":-0.13924306631088258},"rotation":{"x":-0.014405095018446446,"y":-0.9465290904045105,"z":0.31978416442871096,"w":-0.04256909713149071},"size":1.5224337577819825,"orthographic":false}